<?xml version="1.0"?>
<SerializableException xmlns:xsi="http://www.w3.org/2001/XMLSchema-instance" xmlns:xsd="http://www.w3.org/2001/XMLSchema">
  <ExtendedInformation>
    <HResult>-2146233040</HResult>
  </ExtendedInformation>
  <Message>Поток находился в процессе прерывания.</Message>
  <Source>mscorlib</Source>
  <StackTrace>   в System.Threading.Thread.AbortInternal()
   в System.Threading.Thread.Abort()
   в SyncHameleon.Program.Main(String[] args) в C:\Projects\FocusA\SyncHameleon\Program.cs:строка 88</StackTrace>
  <TargetSite>Void AbortInternal() @ System.Threading.Thread</TargetSite>
  <Type>System.Threading.ThreadAbortException</Type>
</SerializableException>