<?xml version="1.0"?>
<Report xmlns:xsi="http://www.w3.org/2001/XMLSchema-instance" xmlns:xsd="http://www.w3.org/2001/XMLSchema">
  <GeneralInfo>
    <CLRVersion>4.0.30319.42000</CLRVersion>
    <DateTime>21.02.2016 20:00:15</DateTime>
    <ExceptionMessage>Поток находился в процессе прерывания.</ExceptionMessage>
    <ExceptionType>System.Threading.ThreadAbortException</ExceptionType>
    <HostApplication>SyncHameleon.exe</HostApplication>
    <HostApplicationVersion>1.0.0.0</HostApplicationVersion>
    <NBugVersion>1.2.1.0</NBugVersion>
    <TargetSite>Void AbortInternal() @ System.Threading.Thread</TargetSite>
  </GeneralInfo>
</Report>