<?xml version="1.0"?>
<SerializableException xmlns:xsi="http://www.w3.org/2001/XMLSchema-instance" xmlns:xsd="http://www.w3.org/2001/XMLSchema">
  <ExtendedInformation>
    <ErrorCode>11001</ErrorCode>
    <SocketErrorCode>HostNotFound</SocketErrorCode>
    <NativeErrorCode>11001</NativeErrorCode>
    <HResult>-2147467259</HResult>
  </ExtendedInformation>
  <Message>Этот хост неизвестен</Message>
  <Source>System</Source>
  <StackTrace>   в System.Net.Dns.HostResolutionEndHelper(IAsyncResult asyncResult)
   в System.Net.Dns.EndGetHostAddresses(IAsyncResult asyncResult)
   в Npgsql.NpgsqlConnector.RawOpen(Int32 timeout)
   в Npgsql.NpgsqlConnector.Open()
   в Npgsql.NpgsqlConnectorPool.GetPooledConnector(NpgsqlConnection Connection)
   в Npgsql.NpgsqlConnectorPool.RequestConnector(NpgsqlConnection connection)
   в Npgsql.NpgsqlConnection.Open()
   в SyncHameleon.Program.Main(String[] args) в C:\Projects\FocusA\SyncHameleon\Program.cs:строка 23
   в System.AppDomain._nExecuteAssembly(RuntimeAssembly assembly, String[] args)
   в System.AppDomain.ExecuteAssembly(String assemblyFile, Evidence assemblySecurity, String[] args)
   в Microsoft.VisualStudio.HostingProcess.HostProc.RunUsersAssembly()
   в System.Threading.ThreadHelper.ThreadStart_Context(Object state)
   в System.Threading.ExecutionContext.RunInternal(ExecutionContext executionContext, ContextCallback callback, Object state, Boolean preserveSyncCtx)
   в System.Threading.ExecutionContext.Run(ExecutionContext executionContext, ContextCallback callback, Object state, Boolean preserveSyncCtx)
   в System.Threading.ExecutionContext.Run(ExecutionContext executionContext, ContextCallback callback, Object state)
   в System.Threading.ThreadHelper.ThreadStart()</StackTrace>
  <TargetSite>System.Net.IPHostEntry HostResolutionEndHelper(System.IAsyncResult) @ System.Net.Dns</TargetSite>
  <Type>System.Net.Sockets.SocketException</Type>
</SerializableException>